{
  "setting": {
    "compileHotReLoad": true
  },
  "condition": {
    "miniprogram": {
      "list": [
        {
          "name": "添加门店",
          "pathName": "pages/landlord/landlord",
          "query": "zt=1&shenhe=1",
          "scene": null
        },
        {
          "name": "修改门店",
          "pathName": "pages/landlord1/landlord1",
          "query": "id=336&shenhe=1",
          "scene": null
        },
        {
          "name": "986",
          "pathName": "pages/my_run/my_run",
          "query": "id=900",
          "scene": null
        },
        {
          "name": "公寓门店",
          "pathName": "pages/brand_store_ex/brand_store_ex",
          "query": "id=502",
          "scene": null
        }
      ]
    }
  },
  "description": "项目私有配置文件。此文件中的内容将覆盖 project.config.json 中的相同字段。项目的改动优先同步到此文件中。详见文档：https://developers.weixin.qq.com/miniprogram/dev/devtools/projectconfig.html",
  "projectname": "%E5%85%AB%E7%82%B9%E5%85%AB%E5%88%86%E5%B0%8F%E7%A8%8B%E5%BA%8F"
}