{
  "description": "项目配置文件",
  "packOptions": {
    "ignore": [],
    "include": []
  },
  "setting": {
    "urlCheck": true,
    "es6": true,
    "enhance": false,
    "postcss": true,
    "preloadBackgroundData": false,
    "minified": true,
    "newFeature": true,
    "coverView": true,
    "nodeModules": true,
    "autoAudits": false,
    "showShadowRootInWxmlPanel": true,
    "scopeDataCheck": false,
    "uglifyFileName": false,
    "checkInvalidKey": true,
    "checkSiteMap": true,
    "uploadWithSourceMap": true,
    "compileHotReLoad": false,
    "lazyloadPlaceholderEnable": false,
    "useMultiFrameRuntime": true,
    "useApiHook": true,
    "useApiHostProcess": true,
    "babelSetting": {
      "ignore": [],
      "disablePlugins": [],
      "outputPath": ""
    },
    "enableEngineNative": false,
    "useIsolateContext": false,
    "userConfirmedBundleSwitch": false,
    "packNpmManually": false,
    "packNpmRelationList": [],
    "minifyWXSS": true,
    "disableUseStrict": false,
    "minifyWXML": true,
    "showES6CompileOption": false,
    "useCompilerPlugins": false,
    "condition": false,
    "ignoreUploadUnusedFiles": true
  },
  "compileType": "miniprogram",
  "libVersion": "2.21.1",
  "projectname": "%E5%85%AB%E7%82%B9%E5%85%AB%E5%88%86(%E5%85%A8%E6%96%B0%E4%BF%AE%E6%94%B92021-10-18)",
  "simulatorType": "wechat",
  "simulatorPluginLibVersion": {},
  "condition": {
    "plugin": {
      "list": []
    },
    "game": {
      "list": []
    },
    "gamePlugin": {
      "list": []
    },
    "miniprogram": {
      "list": [
        {
          "id": -1,
          "name": "pages/my_release/my_release",
          "pathName": "pages/my_release/my_release",
          "query": "",
          "scene": null
        },
        {
          "id": -1,
          "name": "pages/modular_ex/modular_ex",
          "pathName": "pages/modular_ex/modular_ex",
          "query": "cid=7",
          "scene": null
        },
        {
          "id": -1,
          "name": "pages/my_run/my_run",
          "pathName": "pages/my_run/my_run",
          "query": "id=224",
          "scene": null
        },
        {
          "id": -1,
          "name": "pages/pinpai/pinpai",
          "pathName": "pages/pinpai/pinpai",
          "query": "id=17",
          "scene": null
        },
        {
          "id": -1,
          "name": "pages/brand_hot/brand_hot",
          "pathName": "pages/brand_hot/brand_hot",
          "query": "id=56",
          "scene": null
        },
        {
          "id": -1,
          "name": "pages/gongyu1/gongyu1",
          "pathName": "pages/gongyu1/gongyu1",
          "query": "id=34",
          "scene": null
        },
        {
          "id": -1,
          "name": "pages/guanggao/guanggao",
          "pathName": "pages/guanggao/guanggao",
          "query": "",
          "scene": null
        },
        {
          "id": -1,
          "name": "pages/xt_ex1/xt_ex1",
          "pathName": "pages/xt_ex1/xt_ex1",
          "query": "id=36",
          "scene": null
        },
        {
          "id": -1,
          "name": "pages/house/house",
          "pathName": "pages/house/house",
          "query": "id=239",
          "scene": null
        },
        {
          "id": -1,
          "name": "pages/fs1/fs1",
          "pathName": "pages/fs1/fs1",
          "query": "id=134&lat=38.95223&lng=121.5255",
          "scene": null
        },
        {
          "id": -1,
          "name": "pages/rleaseone1/rleaseone1",
          "pathName": "pages/rleaseone1/rleaseone1",
          "query": "id=296",
          "scene": null
        },
        {
          "id": -1,
          "name": "pages/rent/rent",
          "pathName": "pages/rent/rent",
          "query": "",
          "scene": null
        },
        {
          "id": -1,
          "name": "pages/xt_ex1/xt_ex1",
          "pathName": "pages/xt_ex1/xt_ex1",
          "query": "id=51",
          "scene": null
        },
        {
          "id": -1,
          "name": "pages/my_flats/my_flats",
          "pathName": "pages/my_flats/my_flats",
          "query": "",
          "scene": null
        },
        {
          "id": -1,
          "name": "pages/rleaseone1/rleaseone1",
          "pathName": "pages/rleaseone1/rleaseone1",
          "query": "id=306",
          "scene": null
        },
        {
          "id": -1,
          "name": "pages/fs/fs",
          "pathName": "pages/fs/fs",
          "query": "id=310",
          "scene": null
        },
        {
          "id": -1,
          "name": "pages/comment/comment",
          "pathName": "pages/comment/comment",
          "query": "id=160&zt=0",
          "scene": null
        },
        {
          "id": -1,
          "name": "pages/home/home",
          "pathName": "pages/home/home",
          "query": "id=13",
          "scene": null
        },
        {
          "id": -1,
          "name": "pages/rent/rent",
          "pathName": "pages/rent/rent",
          "query": "",
          "scene": null
        },
        {
          "id": -1,
          "name": "pages/modular_ex/modular_ex",
          "pathName": "pages/modular_ex/modular_ex",
          "query": "cid=38",
          "scene": null
        },
        {
          "id": -1,
          "name": "pages/brand_store_ex/brand_store_ex",
          "pathName": "pages/brand_store_ex/brand_store_ex",
          "query": "id=3",
          "scene": null
        },
        {
          "id": -1,
          "name": "pages/brand_iden/brand_iden",
          "pathName": "pages/brand_iden/brand_iden",
          "query": "cid=22",
          "scene": null
        },
        {
          "id": -1,
          "name": "pages/brand_hot/brand_hot",
          "pathName": "pages/brand_hot/brand_hot",
          "query": "id=2&type=0",
          "scene": null
        },
        {
          "id": -1,
          "name": "pages/choose/choose",
          "pathName": "pages/choose/choose",
          "query": "",
          "scene": null
        },
        {
          "id": -1,
          "name": "pages/password/password",
          "pathName": "pages/password/password",
          "query": "",
          "scene": null
        },
        {
          "id": -1,
          "name": "pages/brand_store_ex/brand_store_ex",
          "pathName": "pages/brand_store_ex/brand_store_ex",
          "query": "id=30",
          "scene": null
        },
        {
          "id": -1,
          "name": "pages/rleasetwo1/rleasetwo1",
          "pathName": "pages/rleasetwo1/rleasetwo1",
          "query": "id=265",
          "scene": null
        },
        {
          "id": -1,
          "name": "pages/brand_store_ex/brand_store_ex",
          "pathName": "pages/brand_store_ex/brand_store_ex",
          "query": "id=84",
          "scene": null
        },
        {
          "id": -1,
          "name": "pages/fwlist/fwlist",
          "pathName": "pages/fwlist/fwlist",
          "query": "type=1",
          "scene": null
        },
        {
          "name": "pages/home_ex/home_ex",
          "pathName": "pages/home_ex/home_ex",
          "query": "id=61",
          "scene": null
        },
        {
          "id": -1,
          "name": "pages/setup_phone/setup_phone",
          "pathName": "pages/setup_phone/setup_phone",
          "query": "",
          "scene": null
        },
        {
          "id": -1,
          "name": "pages/password/password",
          "pathName": "pages/password/password",
          "query": "",
          "scene": null
        },
        {
          "id": -1,
          "name": "pages/home_ex/home_ex",
          "pathName": "pages/home_ex/home_ex",
          "query": "id=391",
          "scene": null
        },
        {
          "id": -1,
          "name": "pages/home_ex/home_ex",
          "pathName": "pages/home_ex/home_ex",
          "query": "id=228",
          "scene": null
        },
        {
          "id": -1,
          "name": "pages/choise/choise",
          "pathName": "pages/choise/choise",
          "query": "id=0&type=0",
          "scene": null
        },
        {
          "name": "pages/brand_store_ex/brand_store_ex",
          "pathName": "pages/brand_store_ex/brand_store_ex",
          "query": "id=51",
          "scene": null
        },
        {
          "name": "pages/fwlist/fwlist",
          "pathName": "pages/fwlist/fwlist",
          "query": "type=0",
          "scene": null
        },
        {
          "name": "pages/lflist/lflist",
          "pathName": "pages/lflist/lflist",
          "query": "",
          "scene": null
        },
        {
          "name": "pages/xtlist/xtlist",
          "pathName": "pages/xtlist/xtlist",
          "query": "",
          "scene": null
        },
        {
          "name": "pages/rleasetwo1/rleasetwo1",
          "pathName": "pages/rleasetwo1/rleasetwo1",
          "query": "id=589",
          "scene": null
        },
        {
          "name": "pages/attestation_stuff/attestation_stuff",
          "pathName": "pages/attestation_stuff/attestation_stuff",
          "query": "id=170",
          "scene": null
        }
      ]
    }
  },
  "editorSetting": {
    "tabIndent": "insertSpaces",
    "tabSize": 2
  }
}